anio,mes,banco,activos,pasivos,patrimonio,carterabruta,depositos,utilidad
2020,1,PICHINCHA,11325.08484,10053.30304,1262,7773.653878,8899.686916,10
2020,1,PACIFICO,6153.735317,5376.96046,769,4261.698873,4478.121861,8
2020,1,GUAYAQUIL,5255.389674,4707.673576,539,3361.380925,3799.30053,9
2020,1,PRODUBANCO,5116.14739,4652.472581,459,3381.650838,3956.722592,5
2020,1,INTERNACIONAL,3741.520703,3359.248164,378,2370.580431,2996.089771,4
2020,1,BOLIVARIANO,3668.372979,3323.424781,341,2168.841083,2876.184053,4
2020,1,DINERS CLUB,2445.606875,1999.06567,441,2113.179959,1359.229838,6
2020,1,AUSTRO,1786.792298,1594.913935,191,1065.646692,1515.287071,1
2020,1,GENERAL RUMI헤HUI,935.1313823,854.6055797,79,628.3877033,732.8719343,1
2020,1,SOLIDARIO,816.0763825,665.0908611,150,676.8213055,415.7197948,1
2020,1,MACHALA,804.3881794,742.4459362,61,514.0669596,716.7303687,0
2020,1,CITIBANK,642.559664,557.008074,84,289.018978,517.957921,1
2020,1,LOJA,517.0993386,456.7964101,60,329.1628182,429.6200935,1
2020,1,PROCREDIT,388.1318554,330.8140909,57,327.659781,165.606367,0
2020,1,AMAZONAS,220.7224762,197.8067443,23,125.7492475,183.0961796,0
2020,1,COOPNACIONAL,183.8281244,154.0356043,30,86.9427696,149.8155303,0
2020,1,CODESARROLLO,180.3801361,157.5456469,23,149.8269469,122.9105288,0
2020,1,D-MIRO,109.7911762,87.23980314,22,96.30544462,31.48365944,0
2020,1,FINCA,87.30905407,72.76613964,15,71.66672135,51.12269377,0
2020,1,VISIONFUND,85.09427362,67.85251757,17,78.0231512,9.12161714,0
2020,1,COMERCIAL DE MANABI,53.15725457,40.55912959,13,31.80412356,39.47129386,0
2020,1,LITORAL,40.80994188,29.17540604,12,32.25577802,27.70500689,0
2020,1,DELBANK,32.6901224,21.31119961,11,22.01670954,18.5924394,0
2020,1,CAPITAL,21.69654806,12.65687189,9,13.48546118,10.56548249,0
2020,2,PICHINCHA,11555.22205,10277.99935,1257,7888.952459,9095.055594,20
2020,2,PACIFICO,6389.388309,5605.282698,770,4275.744262,4461.53674,15
2020,2,GUAYAQUIL,5283.068923,4763.982377,503,3373.5392,3877.51793,17
2020,2,PRODUBANCO,5104.672451,4643.393455,453,3387.908273,3943.96439,8
2020,2,INTERNACIONAL,3751.567263,3366.673922,378,2355.191566,3013.67612,7
2020,2,BOLIVARIANO,3691.844945,3356.48358,329,2169.682316,2913.330377,6
2020,2,DINERS CLUB,2454.736609,2002.779762,441,2137.04384,1346.333182,11
2020,2,AUSTRO,1804.850008,1611.936896,191,1074.56541,1533.550219,2
2020,2,GENERAL RUMI헤HUI,990.2244825,908.550406,79,638.6303091,790.6816969,2
2020,2,SOLIDARIO,825.664133,673.6121547,150,676.2847231,416.9660897,2
2020,2,MACHALA,812.4506922,750.1461098,62,519.0160793,724.4064733,1
2020,2,CITIBANK,710.858804,626.580139,81,280.12357,587.698431,3
2020,2,LOJA,516.7770227,455.8958267,60,332.9817282,426.7199856,1
2020,2,PROCREDIT,405.9936256,348.6745536,57,333.4327453,172.9344917,0
2020,2,AMAZONAS,220.75265,198.031539,23,123.91385,183.7387015,0
2020,2,COOPNACIONAL,183.6665142,153.7563114,30,95.40094864,149.4177281,0
2020,2,CODESARROLLO,182.4845113,159.6163621,23,151.1711323,125.0169735,0
2020,2,D-MIRO,110.1461622,87.55391057,22,95.02414008,32.19365063,0
2020,2,FINCA,88.06012361,73.75457402,15,71.74401109,52.45952435,0
2020,2,VISIONFUND,84.215022,66.89973059,17,79.20160167,9.26479794,0
2020,2,COMERCIAL DE MANABI,55.20643167,42.60761047,13,31.85172569,41.38893323,0
2020,2,LITORAL,40.29274703,28.63045934,12,31.98336637,27.10954098,0
2020,2,DELBANK,32.93379775,21.54773465,11,21.90545325,18.31819708,0
2020,2,CAPITAL,22.46908524,13.51314327,9,14.23704958,11.27573254,0
2020,3,PICHINCHA,11160.63755,9898.397253,1237,7887.513471,8796.862896,25
2020,3,PACIFICO,6254.280899,5469.57419,769,4253.794499,4390.487105,15
2020,3,GUAYAQUIL,5068.021003,4563.732269,503,3380.097844,3729.654348,2
2020,3,PRODUBANCO,5017.684841,4591.932912,415,3344.898743,3903.606022,11
2020,3,BOLIVARIANO,3640.443978,3302.76113,328,2174.788782,2872.488197,9
2020,3,INTERNACIONAL,3584.829949,3218.330083,358,2372.839207,2885.930787,9
2020,3,DINERS CLUB,2397.865016,1944.433477,441,2081.879461,1322.174407,12
2020,3,AUSTRO,1759.602662,1565.887624,191,1064.605061,1488.840346,3
2020,3,GENERAL RUMI헤HUI,948.8603464,866.562307,79,639.5184101,745.8453819,3
2020,3,SOLIDARIO,809.8430226,657.2507135,150,670.1036706,404.8624972,3
2020,3,MACHALA,806.1277351,743.6028232,62,521.2165181,717.9260002,1
2020,3,CITIBANK,648.497666,575.114356,70,281.644527,539.535506,3
2020,3,LOJA,504.8938218,443.7311401,60,331.8813607,419.8927778,1
2020,3,PROCREDIT,400.9764089,343.4554404,57,333.0625511,158.9482559,0
2020,3,AMAZONAS,220.0514745,197.3305007,23,120.1046186,183.5290417,0
2020,3,COOPNACIONAL,185.2249277,155.2308913,30,99.74029393,151.156763,0
2020,3,CODESARROLLO,182.8266968,159.8194839,23,149.4435753,121.3205722,0
2020,3,D-MIRO,107.4986527,84.84490548,22,93.23094241,29.56758418,0
2020,3,FINCA,86.03592896,71.72672595,15,69.32352523,51.67938528,0
2020,3,VISIONFUND,82.63543963,66.19834995,16,76.42984297,8.39478248,0
2020,3,COMERCIAL DE MANABI,52.68892403,40.08943387,13,31.78707201,38.99735214,0
2020,3,LITORAL,39.69554862,28.17966795,12,31.59744329,26.85944877,0
2020,3,DELBANK,32.10862597,20.88883999,11,21.73794667,18.22693243,0
2020,3,CAPITAL,24.32028893,15.52692426,9,14.5874907,13.31343898,0
2020,4,PICHINCHA,11147.82664,9887.520005,1234,7457.779716,8827.200937,26
2020,4,PACIFICO,6243.612569,5458.968908,769,4251.608743,4376.769379,15
2020,4,GUAYAQUIL,5119.643311,4613.318221,503,3293.819265,3772.771231,4
2020,4,PRODUBANCO,4959.755663,4531.369503,415,3303.438037,3863.380822,14
2020,4,BOLIVARIANO,3578.813404,3240.066687,328,2179.788236,2831.970876,10
2020,4,INTERNACIONAL,3498.587601,3129.548058,358,2377.484314,2809.812215,11
2020,4,DINERS CLUB,2318.174026,1864.114069,441,1983.609249,1319.454304,13
2020,4,AUSTRO,1762.475597,1568.060477,191,1058.095083,1500.279848,3
2020,4,GENERAL RUMI헤HUI,926.7361919,847.647377,76,635.1844015,742.3516559,3
2020,4,SOLIDARIO,797.5424975,644.3964843,150,659.2795029,401.2778554,3
2020,4,MACHALA,796.0035515,733.4472501,62,515.6498698,709.3665628,1
2020,4,CITIBANK,655.057456,581.868798,69,282.401631,549.76016,4
2020,4,LOJA,496.349897,435.1238378,60,326.700961,411.2323698,1
2020,4,PROCREDIT,408.9001211,351.3633162,57,339.8402247,160.3405993,0
2020,4,AMAZONAS,222.6532544,199.8181453,23,119.2960362,185.6848755,0
2020,4,CODESARROLLO,184.3634978,161.2886875,23,147.933697,123.7498471,0
2020,4,COOPNACIONAL,184.3589898,154.3158575,30,102.9777245,150.6021216,0
2020,4,D-MIRO,106.5364914,83.83407897,22,91.5158388,28.11902656,0
2020,4,FINCA,83.833044,69.27852609,15,68.1488449,50.93466818,0
2020,4,VISIONFUND,81.53603135,65.01317522,16,75.22792724,8.40600133,0
2020,4,COMERCIAL DE MANABI,52.9088764,40.30927269,13,31.56373414,39.40398947,0
2020,4,LITORAL,38.7962699,27.40867708,12,31.14349067,26.06736956,0
2020,4,DELBANK,30.83115409,19.90378195,11,21.50324272,17.48289042,0
2020,4,CAPITAL,23.35102726,14.77378776,9,14.10401951,12.81652184,-1
2020,5,PICHINCHA,11411.71119,10145.92781,1237,7240.607708,9048.410633,29
2020,5,PACIFICO,6128.309153,5342.469483,770,4203.542591,4299.830099,16
2020,5,GUAYAQUIL,5107.215843,4598.905129,502,3303.408718,3803.127513,6
2020,5,PRODUBANCO,4953.368921,4520.658752,418,3264.971759,3881.459958,15
2020,5,BOLIVARIANO,3593.116426,3252.811591,328,2182.591108,2869.151129,12
2020,5,INTERNACIONAL,3563.344448,3191.209508,358,2387.432928,2866.837763,14
2020,5,DINERS CLUB,2305.628998,1850.757102,441,1939.285203,1304.688071,14
2020,5,AUSTRO,1757.44286,1562.199871,191,1055.151421,1496.677618,4
2020,5,GENERAL RUMI헤HUI,914.4401238,834.8920658,76,635.3435986,723.9824664,3
2020,5,SOLIDARIO,795.5907183,641.9828603,150,640.6802762,404.5384103,4
2020,5,MACHALA,784.4750199,721.8404275,62,514.1515074,696.5833622,1
2020,5,CITIBANK,639.188391,562.876046,72,267.799967,533.302673,4
2020,5,LOJA,505.9417953,444.3694742,60,323.0651675,418.9927078,2
2020,5,PROCREDIT,417.8965896,360.2961611,57,345.3211544,162.4100396,0
2020,5,AMAZONAS,222.6048409,199.6863024,23,118.6631906,185.9985576,0
2020,5,COOPNACIONAL,184.1902429,154.0420673,30,100.6007479,150.357288,1
2020,5,CODESARROLLO,180.8105583,157.9823912,22,147.5203,125.6074261,1
2020,5,D-MIRO,105.2714718,82.52862973,22,86.57985405,27.39614165,0
2020,5,FINCA,83.58861286,69.00278454,15,67.00136283,50.84319541,0
2020,5,VISIONFUND,81.39359097,64.73933865,16,73.51019651,8.00051525,1
2020,5,COMERCIAL DE MANABI,52.16349146,39.54260871,13,31.37873386,38.70916699,0
2020,5,LITORAL,39.30073071,27.90070101,12,31.11531303,26.53812985,0
2020,5,DELBANK,31.03821,20.06515266,11,21.13771175,17.09473745,0
2020,5,CAPITAL,24.29256532,16.018464,9,13.06364269,14.15023349,-1
2020,6,PICHINCHA,11569.59611,10298.04742,1239,7203.594416,9225.489887,32
2020,6,PACIFICO,6199.325718,5412.325924,770,4215.937993,4367.736692,17
2020,6,GUAYAQUIL,5129.496514,4618.646261,502,3346.079137,3844.100787,9
2020,6,PRODUBANCO,4998.216668,4562.125296,421,3215.204294,3938.869716,15
2020,6,INTERNACIONAL,3620.916797,3246.23826,358,2399.718495,2947.050542,17
2020,6,BOLIVARIANO,3584.833386,3242.33402,328,2190.09817,2874.941577,14
2020,6,DINERS CLUB,2321.633063,1866.41825,440,1901.207833,1269.437413,15
2020,6,AUSTRO,1786.603444,1590.190733,191,1057.863205,1521.141787,5
2020,6,GENERAL RUMI헤HUI,915.1150275,834.9158424,76,621.7692519,715.1965324,4
2020,6,SOLIDARIO,788.9043613,634.7764337,150,626.3351989,393.3588384,4
2020,6,MACHALA,787.9221026,725.0851099,62,509.6348911,699.1637497,1
2020,6,CITIBANK,624.300802,546.303802,73,252.170398,509.033651,5
2020,6,LOJA,499.9657505,438.3079868,60,319.1079874,413.4210111,2
2020,6,PROCREDIT,425.0239676,367.5001109,57,354.2929324,168.1404088,0
2020,6,AMAZONAS,223.0233846,197.277616,26,115.3007188,183.6432688,0
2020,6,COOPNACIONAL,183.8281443,153.5398525,30,98.89109216,149.8360653,1
2020,6,CODESARROLLO,179.4330068,156.5429529,22,147.7921591,125.1138018,1
2020,6,D-MIRO,105.5960538,82.85050225,22,83.68729152,27.98651941,0
2020,6,FINCA,82.92918353,68.33849534,15,64.37027855,51.0468001,0
2020,6,VISIONFUND,80.76429236,64.09903726,16,70.67460762,7.65728839,1
2020,6,COMERCIAL DE MANABI,51.18660534,38.58083484,13,31.87798712,37.57446959,0
2020,6,LITORAL,38.41022443,27.23422441,12,30.0063937,25.84080546,0
2020,6,DELBANK,30.66153744,19.66872252,11,21.10763503,17.11716221,0
2020,6,CAPITAL,23.59987582,15.55607779,9,12.40076162,13.90343618,-1
2020,7,PICHINCHA,11577.32539,10296.02626,1246,7039.611957,9200.91408,35
2020,7,PACIFICO,6224.952414,5436.579969,770,4270.5955,4423.750666,18
2020,7,GUAYAQUIL,5184.355042,4669.917153,502,3280.761403,3899.087489,12
2020,7,PRODUBANCO,5034.143664,4593.852586,425,3200.756591,3980.882499,15
2020,7,INTERNACIONAL,3710.410777,3332.936937,358,2371.025357,3035.537964,20
2020,7,BOLIVARIANO,3618.07425,3273.143514,328,2214.450639,2917.963998,17
2020,7,DINERS CLUB,2244.156021,1788.118398,440,1894.177597,1252.998949,16
2020,7,AUSTRO,1805.546076,1607.986221,191,1057.958986,1537.544394,6
2020,7,GENERAL RUMI헤HUI,948.8519428,867.9127401,76,621.8342245,751.0126281,5
2020,7,MACHALA,785.6502792,722.7477624,62,507.2331087,698.3985593,1
2020,7,SOLIDARIO,784.1606781,629.6067226,150,613.2671399,390.7707593,5
2020,7,CITIBANK,600.963193,521.370678,74,241.982247,490.556513,5
2020,7,LOJA,506.2999256,444.6412895,60,317.8646516,419.8456077,2
2020,7,PROCREDIT,439.2793448,382.6365911,57,356.9971441,178.5508278,-1
2020,7,AMAZONAS,228.3539859,202.6621469,26,111.4360714,188.6071127,0
2020,7,COOPNACIONAL,183.4566991,153.0750581,30,98.46373638,149.3652318,1
2020,7,CODESARROLLO,182.4150569,159.2989565,22,148.8183605,125.7655449,1
2020,7,D-MIRO,107.6175594,84.85802025,22,82.85306256,29.57558915,0
2020,7,FINCA,84.33178525,69.84978889,15,61.81939673,52.94661743,0
2020,7,VISIONFUND,82.58293555,65.85601407,16,71.53813541,8.34904041,1
2020,7,COMERCIAL DE MANABI,49.99632118,37.36803958,13,31.64338016,36.10565337,0
2020,7,LITORAL,38.45797561,27.21192851,12,29.93303841,25.80801484,0
2020,7,DELBANK,31.22592098,20.18604418,11,21.23634501,17.66763247,0
2020,7,CAPITAL,23.15688303,15.33107569,9,11.91193578,12.94395908,-1
2020,8,PICHINCHA,11701.4438,10410.8897,1253,6935.912981,9311.090039,38
2020,8,PACIFICO,6257.810325,5468.040169,770,4216.306904,4443.893817,20
2020,8,GUAYAQUIL,5206.990311,4688.638249,502,3341.34347,3921.98156,16
2020,8,PRODUBANCO,5119.145736,4659.93479,450,3217.961616,4045.252183,9
2020,8,INTERNACIONAL,3799.709254,3419.236109,358,2341.080945,3104.463652,23
2020,8,BOLIVARIANO,3752.686109,3405.105666,328,2250.130856,3041.353992,19
2020,8,DINERS CLUB,2248.059268,1790.984949,440,1926.597398,1239.414169,17
2020,8,AUSTRO,1862.666671,1663.37642,192,1059.311017,1591.117906,7
2020,8,GENERAL RUMI헤HUI,932.1687406,850.8919289,76,629.3879029,729.7399645,5
2020,8,MACHALA,793.2742177,729.9309464,62,504.5087267,705.8435354,1
2020,8,SOLIDARIO,789.8722402,635.2515717,150,605.6691222,392.0820247,5
2020,8,CITIBANK,581.810704,500.619483,77,236.097435,472.174413,4
2020,8,LOJA,515.2180212,453.5363444,60,317.997494,427.5188478,2
2020,8,PROCREDIT,442.8477114,386.5713025,57,361.5997003,182.066715,-1
2020,8,AMAZONAS,227.9129289,202.0502537,26,109.4311789,190.7214521,0
2020,8,CODESARROLLO,181.766666,158.4796477,22,148.5871958,122.8743035,1
2020,8,COOPNACIONAL,180.3361276,149.8872253,30,95.85383419,145.9795815,1
2020,8,D-MIRO,111.5387537,88.77397191,22,82.58937675,33.72106885,0
2020,8,FINCA,85.19878738,71.30825935,15,59.89643569,54.46241818,-1
2020,8,VISIONFUND,84.28853898,67.04874949,16,73.53709771,9.41123624,1
2020,8,COMERCIAL DE MANABI,49.86624947,37.23739418,13,31.13190905,35.78637099,0
2020,8,LITORAL,38.27194307,26.97668472,12,29.24210988,25.532515,0
2020,8,DELBANK,31.16588351,20.11251679,11,20.79361887,17.48079702,0
2020,8,CAPITAL,24.07859937,16.38112788,9,12.25835656,13.82762587,-1
2020,9,PICHINCHA,11706.79444,10415.24155,1252,6936.956816,9333.259589,40
2020,9,PACIFICO,6323.558609,5532.103605,770,4233.511724,4534.880583,22
2020,9,GUAYAQUIL,5310.559853,4788.836849,502,3368.570919,4015.581115,20
2020,9,PRODUBANCO,5096.575839,4657.273953,430,3243.473909,4065.892223,10
2020,9,INTERNACIONAL,3865.372897,3483.976186,358,2361.573339,3174.361595,23
2020,9,BOLIVARIANO,3774.396328,3425.105101,328,2238.386349,3041.078164,21
2020,9,DINERS CLUB,2260.133762,1802.029094,440,1939.068911,1236.348952,18
2020,9,AUSTRO,1897.616074,1697.58577,192,1069.957573,1624.993254,8
2020,9,GENERAL RUMI헤HUI,910.4782396,828.9650772,76,625.1704139,716.1074159,6
2020,9,MACHALA,797.0518255,733.6267668,62,509.0098076,710.0354999,2
2020,9,SOLIDARIO,775.7167996,624.9704734,150,605.662278,390.5775562,1
2020,9,CITIBANK,650.954495,566.409407,80,207.956223,514.001551,4
2020,9,LOJA,512.2527001,450.5245349,60,320.4113079,427.9666325,2
2020,9,PROCREDIT,465.43508,408.6009197,57,371.9952003,198.1694211,-1
2020,9,AMAZONAS,231.7905171,205.9168374,26,107.2620408,195.2307568,0
2020,9,COOPNACIONAL,182.6756867,152.154314,30,92.69363755,148.5255974,1
2020,9,CODESARROLLO,181.4597586,157.9783355,22,149.5730674,123.5734044,1
2020,9,D-MIRO,111.8471797,89.8958467,23,82.61877495,34.62550602,-1
2020,9,FINCA,86.16457087,72.22645849,15,59.60995507,55.16690006,-1
2020,9,VISIONFUND,84.87943725,67.37893514,16,75.52541249,9.65173799,1
2020,9,COMERCIAL DE MANABI,50.2597224,37.62919463,13,30.66206423,36.22717455,0
2020,9,LITORAL,38.19860262,26.96844217,12,28.82248471,25.59052127,0
2020,9,DELBANK,31.38558726,20.32932831,11,20.22540603,17.75590283,0
2020,9,CAPITAL,24.72116523,17.25709656,9,11.79809063,14.78997006,-2
2020,10,PICHINCHA,12365.18968,11070.58411,1253,7006.014031,9810.118163,42
2020,10,PACIFICO,6494.726634,5701.743817,770,4242.124403,4726.537838,23
2020,10,GUAYAQUIL,5501.242132,4976.199279,502,3338.483443,4122.14687,23
2020,10,PRODUBANCO,5207.717415,4767.726269,429,3312.046749,4175.25122,11
2020,10,INTERNACIONAL,3892.543256,3508.493672,358,2351.936142,3203.793969,26
2020,10,BOLIVARIANO,3831.131995,3479.422441,329,2259.069595,3077.691198,23
2020,10,DINERS CLUB,2243.43453,1784.726273,440,1951.419246,1215.206823,19
2020,10,AUSTRO,1937.563013,1736.421493,193,1078.119001,1662.528904,8
2020,10,GENERAL RUMI헤HUI,937.0738324,854.9951079,76,627.0673706,743.3032563,6
2020,10,MACHALA,819.5139075,755.8640309,62,514.7583514,730.8928193,2
2020,10,SOLIDARIO,771.2698099,620.4453609,150,601.3756057,389.6549144,1
2020,10,CITIBANK,625.303969,539.483742,81,217.902117,497.6427,5
2020,10,LOJA,524.0263453,464.3645016,57,321.7369772,439.812546,2
2020,10,PROCREDIT,464.8802318,407.6430428,57,376.8932502,196.8929246,0
2020,10,AMAZONAS,239.7320935,213.7769814,26,104.0600411,203.0603134,0
2020,10,CODESARROLLO,190.9242947,167.6799021,22,150.9633915,133.3020757,1
2020,10,COOPNACIONAL,183.5389272,153.0066684,30,93.85240434,149.1765758,1
2020,10,D-MIRO,113.8761167,91.96192312,23,82.88545984,34.9917425,-1
2020,10,FINCA,87.35362109,73.35463226,15,60.64128568,56.48055405,-1
2020,10,VISIONFUND,85.63911801,67.91545705,16,76.72056176,10.1271348,2
2020,10,COMERCIAL DE MANABI,52.27301935,39.6417752,13,30.82535834,38.31102501,0
2020,10,LITORAL,38.3701826,27.09557062,12,28.53687453,25.72616945,0
2020,10,DELBANK,31.77872874,20.72565362,11,19.78216414,18.04986941,0
2020,10,CAPITAL,26.35322955,18.99727766,9,12.05572258,16.5290523,-2
2020,11,PICHINCHA,12071.05349,10774.3154,1252,7090.315674,9520.741325,45
2020,11,PACIFICO,6633.29226,5844.590651,764,4299.511228,4853.292956,25
2020,11,GUAYAQUIL,5583.260813,5054.258699,503,3427.977819,4215.52387,26
2020,11,PRODUBANCO,5265.07423,4826.391955,424,3353.079074,4182.497847,15
2020,11,INTERNACIONAL,3925.092617,3539.017295,358,2339.659486,3223.531023,28
2020,11,BOLIVARIANO,3845.781128,3492.563797,328,2270.895958,3105.424577,25
2020,11,DINERS CLUB,2249.323761,1789.248294,440,1977.169307,1193.885828,20
2020,11,AUSTRO,1966.983157,1764.029937,194,1089.485509,1687.228582,9
2020,11,GENERAL RUMI헤HUI,908.7140771,826.2474055,76,631.4319903,731.9393278,7
2020,11,MACHALA,823.7297795,760.0141557,62,518.5721328,735.0107029,2
2020,11,SOLIDARIO,771.8156221,620.8527388,150,604.2125991,390.5281939,1
2020,11,CITIBANK,621.964414,544.637298,72,214.302531,475.320092,5
2020,11,LOJA,522.2697471,462.4201153,57,324.4089747,437.6011173,2
2020,11,PROCREDIT,465.1715875,409.9164666,57,382.4753394,205.1505896,-2
2020,11,AMAZONAS,243.3676289,217.7529192,26,103.3082114,206.8515365,0
2020,11,CODESARROLLO,194.791702,171.8903116,22,151.1910398,135.3860601,0
2020,11,COOPNACIONAL,183.0264464,152.4846782,30,93.44811442,148.2855408,1
2020,11,D-MIRO,111.9579608,91.46313466,23,82.25843062,35.52826497,-2
2020,11,FINCA,89.60681182,75.59677914,15,61.61074714,58.70546745,-1
2020,11,VISIONFUND,87.12907644,69.37252489,16,77.96321456,11.39613627,2
2020,11,COMERCIAL DE MANABI,52.47036641,39.83218039,13,31.00109284,38.36594679,0
2020,11,LITORAL,38.3094711,27.0215951,12,28.22829303,25.58825004,0
2020,11,DELBANK,31.49205748,20.42858824,11,19.27192342,17.91202697,0
2020,11,CAPITAL,27.59699545,20.40215669,9,12.22315467,17.89377838,-2
2020,12,PICHINCHA,12614.7195,11349.04616,1266,7200.026166,10141.87161,50
2020,12,PACIFICO,6951.452281,6157.503599,794,4287.797011,5151.492429,30
2020,12,GUAYAQUIL,5761.259692,5225.862723,535,3474.760274,4373.170656,33
2020,12,PRODUBANCO,5513.395737,5069.334524,444,3430.825953,4451.117845,20
2020,12,BOLIVARIANO,4001.848906,3643.440998,358,2339.410365,3256.058601,30
2020,12,INTERNACIONAL,3965.184755,3579.137246,386,2378.398331,3300.274439,28
2020,12,DINERS CLUB,2233.777589,1787.511326,446,1988.416358,1215.688767,21
2020,12,AUSTRO,2050.503977,1851.687217,199,1118.207824,1775.742792,8
2020,12,GENERAL RUMI헤HUI,993.112294,910.5323542,83,624.6780429,813.7552969,7
2020,12,MACHALA,861.2929969,797.2782747,64,523.4113422,765.9185988,2
2020,12,SOLIDARIO,762.8351832,611.7169999,151,600.8557905,388.84176,1
2020,12,CITIBANK,616.244005,538.019291,78,186.666422,468.914695,2
2020,12,LOJA,562.7558594,502.7561985,60,330.2343052,479.8257339,3
2020,12,PROCREDIT,489.1800219,431.5473093,58,389.169396,229.7444118,0
2020,12,AMAZONAS,241.3208627,217.2447763,24,101.0291863,201.149269,0
2020,12,CODESARROLLO,203.8209938,180.6413332,23,152.2636604,144.4114858,0
2020,12,COOPNACIONAL,190.1526317,159.7026439,30,96.11241119,156.0757801,1
2020,12,D-MIRO,112.334981,92.45831276,20,82.14829913,36.89864831,-3
2020,12,FINCA,92.95263702,78.41307074,15,61.82393328,61.75453202,0
2020,12,VISIONFUND,87.74887383,69.95950025,18,80.2453995,12.42198268,2
2020,12,COMERCIAL DE MANABI,54.67000975,41.98091768,13,31.4937943,40.80040428,0
2020,12,LITORAL,40.16632159,28.91606122,11,28.40526574,27.59396018,0
2020,12,DELBANK,31.76963214,20.67397868,11,19.12265385,18.37329718,0
2020,12,CAPITAL,25.89321151,18.70141769,7,12.71012592,16.2485457,-2
2023,1,AMAZONAS,326,301,25,155.7891874,275,0
2023,1,AUSTRO,2430,2204,225,1340.486081,2039,1
2023,1,BOLIVARIANO,4600,4144,451,2965.142394,3601,5
2023,1,CAPITAL,41,36,6,24.88389779,33,0
2023,1,CITIBANK,791,704,85,379.130919,660,2
2023,1,CODESARROLLO,244,214,30,194.2158144,168,0
2023,1,COMERCIAL DE MANABI,65,50,14,34.39018748,47,0
2023,1,COOPNACIONAL,202,169,32,84.74245178,165,0
2023,1,DELBANK,29,18,11,18.89691668,16,0
2023,1,DINERS CLUB,2479,1954,520,2197.90119,1232,5
2023,1,D-MIRO,89,75,15,77.64643991,48,-1
2023,1,FINCA,85,75,10,61.69565624,65,-1
2023,1,GENERAL RUMI헤HUI,1107,1004,102,824.2402182,865,1
2023,1,GUAYAQUIL,6940,6248,681,4744.155968,5365,11
2023,1,INTERNACIONAL,4548,4081,462,3167.300184,3668,5
2023,1,LITORAL,41,29,12,31.82829667,28,0
2023,1,LOJA,748,676,72,503.5022328,609,1
2023,1,MACHALA,1028,950,78,641.5850642,865,1
2023,1,PACIFICO,6910,5987,915,4386.416938,5227,8
2023,1,PICHINCHA,15734,14220,1498,10539.98896,12275,16
2023,1,PROCREDIT,654,596,59,525.5455488,388,0
2023,1,PRODUBANCO,6976,6413,557,4717.487056,5294,7
2023,1,SOLIDARIO,948,764,183,804.2933531,452,1
2023,1,VISIONFUND,119,98,21,113.0029882,20,0
2023,2,AMAZONAS,332,307,25,156.5,280,0
2023,2,AUSTRO,2408,2170,235,1481.6,1958,3
2023,2,BOLIVARIANO,4641,4196,436,2973.3,3645,9
2023,2,CAPITAL,20,20,7,6,18,-1
2023,2,CITIBANK,773,685,85,365.8,645,4
2023,2,CODESARROLLO,242,213,30,196.2,168,0
2023,2,COMERCIAL DE MANABI,65,51,14,32.3,46,0
2023,2,COOPNACIONAL,199,167,32,85.6,163,0
2023,2,DELBANK,30,19,11,19.5,17,0
2023,2,DINERS CLUB,2470,1939,521,2227.2,1215,10
2023,2,D-MIRO,87,74,15,76.4,49,-1
2023,2,FINCA,78,72,13,61.5,66,-7
2023,2,GENERAL RUMI헤HUI,1123,1018,102,831,881,3
2023,2,GUAYAQUIL,6956,6299,636,4839.1,5384,21
2023,2,INTERNACIONAL,4633,4161,462,3184.5,3717,10
2023,2,LITORAL,41,30,12,32.4,28,0
2023,2,LOJA,748,675,72,506.1,608,1
2023,2,MACHALA,1051,973,77,651.7,887,1
2023,2,PACIFICO,6881,5950,914,4387.4,5224,17
2023,2,PICHINCHA,15839,14321,1486,10708.5,12389,33
2023,2,PROCREDIT,643,585,59,528.3,384,-1
2023,2,PRODUBANCO,6982,6418,550,4759.5,5305,13
2023,2,SOLIDARIO,948,763,183,802.1,458,2
2023,2,VISIONFUND,119,98,21,114.4,21,0
2023,3,AMAZONAS,336,311,25,159.2922645,285,0
2023,3,AUSTRO,2383,2144,235,1453.064406,1956,4
2023,3,BOLIVARIANO,4690,4238,437,3005.877946,3679,14
2023,3,CAPITAL,42,36,6,26.45954462,33,0
2023,3,CITIBANK,776,688,85,397.161101,653,4
2023,3,CODESARROLLO,246,216,30,200.0126789,168,0
2023,3,COMERCIAL DE MANABI,71,57,14,31.26886945,53,0
2023,3,COOPNACIONAL,206,173,32,86.74134638,169,0
2023,3,DELBANK,30,19,11,20.31142491,16,0
2023,3,DINERS CLUB,2475,1963,496,2230.922511,1224,16
2023,3,D-MIRO,84,70,15,75.78874939,48,-1
2023,3,FINCA,82,72,13,64.03528621,65,-3
2023,3,GENERAL RUMI헤HUI,1126,1020,102,833.0579021,873,4
2023,3,GUAYAQUIL,7154,6485,636,4872.587717,5552,32
2023,3,INTERNACIONAL,4750,4296,439,3248.842525,3839,15
2023,3,LITORAL,42,30,12,32.9371091,29,0
2023,3,LOJA,759,685,72,511.949126,619,2
2023,3,MACHALA,1070,991,77,661.503097,902,2
2023,3,PACIFICO,7029,6088,914,4371.134307,5380,27
2023,3,PICHINCHA,16047,14527,1471,10847.93232,12723,49
2023,3,PROCREDIT,657,599,59,528.4693054,401,-1
2023,3,PRODUBANCO,7005,6454,530,4813.449431,5323,21
2023,3,SOLIDARIO,947,762,183,804.1468937,464,2
2023,3,VISIONFUND,122,103,19,116.8997464,21,0
2022,1,PICHINCHA,13338.42049,11978.01482,1347.658593,8767.154381,10930.74763,13
2022,1,PACIFICO,6877.630371,6051.553472,819.0580531,4276.993129,5314.005913,7
2022,1,GUAYAQUIL,6284.309829,5675.682771,602.176935,4190.917006,4904.589948,6
2022,1,PRODUBANCO,6101.373065,5598.944851,497.1564372,4010.820312,4752.593622,5
2022,1,INTERNACIONAL,4381.784059,3951.85193,426.2300324,2645.320736,3690.54935,4
2022,1,BOLIVARIANO,4368.172985,3958.723639,406.1473625,2693.969585,3506.031168,3
2022,1,AUSTRO,2429.67792,2204.487,224.5205983,1340.486081,2038.636202,1
2022,1,DINERS CLUB,2277.767172,1797.863198,475.8232741,2043.779259,1136.955754,4
2022,1,GENERAL RUMI헤HUI,1010.686137,917.7322493,91.93069675,687.2529155,838.9877065,1
2022,1,MACHALA,966.5962791,893.8565732,72.32324526,573.8146498,825.1296061,0
2022,1,SOLIDARIO,810.581063,649.9042098,160.0497313,657.4220841,389.5786317,1
2022,1,LOJA,742.123003,675.0215273,66.68357047,424.4339681,637.337557,0
2022,1,CITIBANK,619.501593,534.133141,83.351877,215.111428,501.162285,2
2022,1,PROCREDIT,572.6794687,514.9919741,57.88013481,475.2873499,317.1346451,0
2022,1,AMAZONAS,278.9333289,252.3724519,26.55269817,139.5033764,229.5703915,0
2022,1,CODESARROLLO,234.9049395,207.4518649,27.38558382,175.7561323,172.2315503,0
2022,1,COOPNACIONAL,200.9593703,168.9653276,31.86341883,91.53755481,165.2007714,0
2022,1,D-MIRO,111.719858,91.76557491,19.94857484,81.7412767,43.22555854,0
2022,1,VISIONFUND,91.56036144,72.62435628,18.66393696,89.34943511,16.29942748,0
2022,1,FINCA,83.71777717,74.14384423,9.56274618,67.26724443,61.4277384,0
2022,1,COMERCIAL DE MANABI,59.9630973,46.18343196,13.7708141,37.19904387,44.93215048,0
2022,1,LITORAL,38.09006687,26.71355552,11.35308778,28.74646583,25.25961305,0
2022,1,CAPITAL,36.89344589,30.15518181,6.89068683,19.00839616,27.74936324,0
2022,1,DELBANK,32.60298344,21.12823089,11.46908585,16.2634487,18.54108175,0
2022,2,PICHINCHA,13683.21062,12314.49468,1344.344659,8970.963581,11210.02865,24
2022,2,PACIFICO,6966.991232,6133.801124,819.1344291,4278.894062,5423.518056,14
2022,2,GUAYAQUIL,6377.99058,5794.452427,568.9286088,4290.479403,5029.702486,15
2022,2,PRODUBANCO,6164.148188,5656.371495,497.4585368,4101.458809,4781.997883,10
2022,2,BOLIVARIANO,4459.939113,4058.453306,395.1520241,2730.348981,3557.090829,6
2022,2,INTERNACIONAL,4296.94674,3863.856711,426.1763789,2743.60073,3602.63085,7
2022,2,AUSTRO,2433.810914,2208.189953,224.7460825,1364.010412,2045.098068,1
2022,2,DINERS CLUB,2281.425625,1797.531125,475.715987,2053.01697,1117.340979,8
2022,2,GENERAL RUMI헤HUI,1022.931075,928.746377,91.97699641,703.2595148,855.1097936,2
2022,2,MACHALA,969.3804014,896.7927712,71.76893725,577.5855018,828.7898447,1
2022,2,SOLIDARIO,816.0491552,654.7545043,160.0410342,666.3941447,393.8924137,1
2022,2,LOJA,674.695689,607.2307189,66.68274076,432.8694682,564.6035356,1
2022,2,CITIBANK,618.90996,533.959726,83.325874,227.558098,487.162966,2
2022,2,PROCREDIT,574.9978002,517.8921003,57.88013481,478.63293,316.0921762,-1
2022,2,AMAZONAS,281.2987831,254.6653304,26.61901061,141.9191842,232.6630499,0
2022,2,CODESARROLLO,238.3219611,210.6663679,27.40238663,179.2116214,175.1884216,0
2022,2,COOPNACIONAL,211.4002291,179.416292,31.84825515,89.99355851,175.6901011,0
2022,2,D-MIRO,112.3072895,92.34684347,19.94533195,82.44532824,43.869346,0
2022,2,VISIONFUND,92.03580912,72.90941417,18.66393696,91.12926321,16.50279118,0
2022,2,FINCA,81.55470612,72.08854168,9.55231281,61.78539785,61.95427639,0
2022,2,COMERCIAL DE MANABI,61.76941734,47.97973722,13.7708141,38.21323228,46.78460834,0
2022,2,CAPITAL,38.34882272,31.73104861,6.89181509,19.83414191,29.27175143,0
2022,2,LITORAL,38.16333513,26.7690491,11.35308778,28.67017841,25.26003956,0
2022,2,DELBANK,32.88286608,21.46106413,11.47109114,15.90787261,18.34391187,0
2022,3,PICHINCHA,13838.00458,12493.84522,1307.280212,9222.563884,11285.62912,37
2022,3,PACIFICO,7062.068129,6231.101052,805.9099881,4206.389988,5498.903269,25
2022,3,GUAYAQUIL,6535.646598,5944.33204,568.9971303,4346.733804,5175.888202,22
2022,3,PRODUBANCO,6315.196016,5815.384205,482.957784,4189.591972,4875.905822,17
2022,3,BOLIVARIANO,4483.221921,4077.517303,395.0980799,2784.577002,3585.503051,11
2022,3,INTERNACIONAL,4457.062104,4037.53188,411.1238766,2840.322952,3751.041362,8
2022,3,AUSTRO,2451.073182,2223.277703,224.9036349,1373.539083,2057.221989,3
2022,3,DINERS CLUB,2266.540474,1787.495552,465.7861698,2036.808643,1105.311907,13
2022,3,GENERAL RUMI헤HUI,1021.51687,926.1335924,92.06190093,704.7963671,859.2894612,3
2022,3,MACHALA,984.3036676,911.2747282,71.75975762,577.3314684,845.4628349,1
2022,3,SOLIDARIO,816.3515601,654.2104633,159.9984602,674.6817305,394.8630641,2
2022,3,LOJA,720.8879226,652.8808249,66.6818663,443.595263,612.4348437,1
2022,3,CITIBANK,626.515323,542.298281,82.731718,263.497973,485.642619,1
2022,3,PROCREDIT,586.9278279,529.5304239,57.88013481,486.6257365,330.6869336,0
2022,3,AMAZONAS,286.0420198,259.386944,26.62596085,150.1776621,237.3388484,0
2022,3,CODESARROLLO,240.3399781,212.477508,27.28664218,180.9312421,177.6668108,1
2022,3,COOPNACIONAL,209.1088514,176.9633055,31.82241912,87.85202971,173.2011665,0
2022,3,D-MIRO,110.0683708,90.0884738,19.94818391,82.69430739,44.65505632,0
2022,3,VISIONFUND,95.21005659,76.82173236,17.6781149,92.56224127,17.73854194,1
2022,3,FINCA,82.61552357,73.25109938,9.5499769,60.07950538,63.00702298,0
2022,3,COMERCIAL DE MANABI,61.23890654,47.43684083,13.7708141,39.26902306,46.18844863,0
2022,3,LITORAL,40.01674132,28.58073469,11.35308778,29.32904166,27.1813637,0
2022,3,CAPITAL,38.77911914,32.26136783,6.8946305,21.29641385,29.79561646,0
2022,3,DELBANK,32.10589648,20.62594096,11.47576021,15.70234846,18.04624764,0
2022,4,PICHINCHA,13761.23157,12412.95567,1306.838529,9384.417878,11215.82391,41
2022,4,PACIFICO,7038.712968,6198.251072,806.3545735,4202.586603,5398.940179,34
2022,4,GUAYAQUIL,6403.420773,5804.416924,569.4996672,4422.940545,5022.457825,30
2022,4,PRODUBANCO,6269.594487,5764.171649,481.740707,4303.754502,4843.027192,24
2022,4,BOLIVARIANO,4400.898344,3990.764571,395.0770425,2766.34162,3516.011621,15
2022,4,INTERNACIONAL,4241.956733,3818.070158,411.1191884,2896.328764,3532.502294,13
2022,4,AUSTRO,2435.213174,2207.416697,224.4574983,1396.685885,2053.703969,3
2022,4,DINERS CLUB,2253.528016,1770.013193,465.5042392,2059.7988,1096.063735,18
2022,4,GENERAL RUMI헤HUI,1033.406081,939.5173605,89.41481255,719.4267017,874.9441748,4
2022,4,MACHALA,985.5756493,912.0913161,71.74270505,587.6289273,848.3693593,2
2022,4,SOLIDARIO,821.1779869,658.0777913,159.9914008,682.0856605,398.2427031,3
2022,4,LOJA,691.5888313,625.4504023,64.30001129,453.457734,574.1427598,2
2022,4,CITIBANK,603.169601,519.581113,82.511578,303.667151,485.798828,1
2022,4,PROCREDIT,589.5085563,531.8758875,57.88013481,489.6908913,331.3377905,0
2022,4,AMAZONAS,286.3730118,259.7226627,26.61483191,155.7541497,237.6071764,0
2022,4,CODESARROLLO,240.073077,212.5370506,26.82522803,183.680389,178.2554929,1
2022,4,COOPNACIONAL,210.7412798,178.5731737,31.80774793,86.72900196,174.9942504,0
2022,4,D-MIRO,110.1230174,90.57775615,19.95010613,83.24124461,45.14762151,0
2022,4,VISIONFUND,96.22867026,77.47923834,17.6781149,93.90703228,19.29127639,1
2022,4,FINCA,84.94666075,75.56403939,9.55326547,59.5974652,64.04228444,0
2022,4,COMERCIAL DE MANABI,61.27198996,47.44803387,13.7708141,39.55962376,46.24573802,0
2022,4,LITORAL,41.13006957,29.68895795,11.35308778,29.80935985,28.21996143,0
2022,4,CAPITAL,39.1178588,32.69996004,6.89771773,21.81526776,30.23649516,0
2022,4,DELBANK,32.30400869,20.85504553,11.48030983,15.97682608,18.38607902,0
2022,5,PICHINCHA,13823.07824,12461.2336,1305.395195,9523.126315,11260.19333,56
2022,5,PACIFICO,6896.070459,6047.165114,805.8441943,4231.797973,5282.140367,43
2022,5,GUAYAQUIL,6477.099214,5870.316925,569.4951223,4429.436036,5098.291443,37
2022,5,PRODUBANCO,6274.745494,5761.220959,482.4884621,4415.644583,4851.768656,31
2022,5,BOLIVARIANO,4386.397651,3971.910817,394.9260102,2798.67483,3498.858893,20
2022,5,INTERNACIONAL,4289.690282,3861.409641,411.0794567,2941.814714,3577.829669,17
2022,5,AUSTRO,2429.700335,2200.363112,224.6423576,1424.102694,2043.022169,5
2022,5,DINERS CLUB,2252.452711,1764.778176,465.2027526,2039.588915,1091.780879,22
2022,5,GENERAL RUMI헤HUI,1011.533886,916.5627181,89.42078521,726.0301611,850.3331594,6
2022,5,MACHALA,970.5452591,896.5263967,71.72608723,593.0425495,830.9011535,2
2022,5,SOLIDARIO,829.6865318,665.467911,160.0434013,697.2360359,398.9101549,4
2022,5,LOJA,683.3519597,616.6199454,64.29863585,463.1513053,569.3468885,2
2022,5,CITIBANK,636.884375,552.845316,82.506544,304.232565,506.984525,2
2022,5,PROCREDIT,596.1209133,538.1835826,57.88013481,490.2328139,345.2619667,0
2022,5,AMAZONAS,292.5529399,265.9847902,26.52883648,162.2806292,243.7519553,0
2022,5,CODESARROLLO,240.0656241,212.5125586,26.83674246,186.1645394,178.4814773,1
2022,5,COOPNACIONAL,204.0475561,171.8199397,31.78871738,83.00840795,168.1081696,0
2022,5,D-MIRO,107.3544233,88.45575023,19.93603767,83.75131647,45.32921083,-1
2022,5,VISIONFUND,97.78394747,78.72333838,17.6781149,95.70272718,19.70217014,1
2022,5,FINCA,85.35949596,76.15842884,9.54279963,60.22828733,64.69375217,0
2022,5,COMERCIAL DE MANABI,61.1805864,47.33725353,13.7708141,40.2987205,46.13484925,0
2022,5,LITORAL,40.49230686,29.00167163,11.35308778,30.67874563,27.57416593,0
2022,5,CAPITAL,39.6370597,33.37621676,6.89441093,22.89924296,30.66616885,-1
2022,5,DELBANK,31.72707843,20.35934743,11.48554659,15.59624117,18.0332899,0
2022,6,PICHINCHA,13622.94533,12258.46046,1294.522264,9542.434542,11129.6457,70
2022,6,PACIFICO,6831.68012,5973.904485,805.6118311,4278.616555,5246.142105,52
2022,6,GUAYAQUIL,6501.783058,5887.701545,569.5794684,4465.374638,5019.180524,45
2022,6,PRODUBANCO,6285.328427,5772.330296,474.9569092,4487.790803,4866.255049,38
2022,6,BOLIVARIANO,4498.443519,4079.698651,394.674613,2815.582727,3567.039444,24
2022,6,INTERNACIONAL,4265.041551,3832.808145,411.0269032,2939.27249,3543.168484,21
2022,6,AUSTRO,2424.861036,2194.280237,224.5729849,1434.193614,2043.207802,6
2022,6,DINERS CLUB,2224.214001,1731.549168,465.0885003,2042.976917,1082.563777,28
2022,6,GENERAL RUMI헤HUI,1025.649958,929.7970609,89.34773829,739.4124978,855.5682578,7
2022,6,MACHALA,976.2196333,901.7906812,71.70827574,593.8474226,835.0113274,3
2022,6,SOLIDARIO,839.8829835,674.9276783,160.0294487,704.2068821,399.3523929,5
2022,6,LOJA,703.821411,636.5484088,64.29728249,470.4529255,585.6782079,3
2022,6,CITIBANK,670.233731,586.986082,82.496176,317.13391,556.041235,1
2022,6,PROCREDIT,596.4353138,538.2966387,57.88013481,498.6078161,348.968061,0
2022,6,AMAZONAS,302.4509868,275.8876558,26.51948735,170.6188234,253.3096603,0
2022,6,CODESARROLLO,238.0694084,210.4712003,26.8116342,187.1166779,177.8633846,1
2022,6,COOPNACIONAL,204.0506674,171.7738028,31.77446493,83.8669315,167.9848427,1
2022,6,D-MIRO,113.6894497,94.78432369,19.93422918,83.92693052,48.29599619,-1
2022,6,VISIONFUND,97.85344669,78.53263406,17.67812021,95.492134,19.4866624,2
2022,6,FINCA,84.86032299,75.77391734,9.54825677,59.93283463,64.58279968,0
2022,6,COMERCIAL DE MANABI,60.58263237,46.71471682,13.7708141,40.02261686,45.68409805,0
2022,6,LITORAL,40.15306071,28.62264242,11.35308778,31.20168776,27.1967746,0
2022,6,CAPITAL,40.11541263,34.05805033,6.89456064,23.37551924,30.10526582,-1
2022,6,DELBANK,31.18125191,19.90109085,11.49229683,15.71753527,17.44332039,0
2022,7,PICHINCHA,14238.44707,12863.66068,1290.822139,9573.741807,11376.00347,84
2022,7,PACIFICO,6769.411392,5902.932897,805.8934633,4285.37772,5164.120792,61
2022,7,GUAYAQUIL,6494.912787,5873.410206,569.566465,4459.107815,4992.636778,52
2022,7,PRODUBANCO,6289.601627,5771.95755,472.9726434,4541.955573,4837.670151,45
2022,7,BOLIVARIANO,4513.947594,4090.370625,394.7730811,2886.460646,3578.720415,29
2022,7,INTERNACIONAL,4213.339164,3776.615242,410.9810174,2924.244598,3463.475535,26
2022,7,AUSTRO,2404.980798,2174.029183,224.3864745,1478.412949,2008.831164,7
2022,7,DINERS CLUB,2287.359834,1789.924664,464.744083,2097.005732,1127.96638,33
2022,7,GENERAL RUMI헤HUI,1035.10863,938.0582338,89.34376859,760.1192413,852.6370221,8
2022,7,MACHALA,976.0296912,901.1305235,71.68840673,591.4660069,833.1899457,3
2022,7,SOLIDARIO,849.5458222,683.3482701,160.027207,720.3212321,406.703564,6
2022,7,LOJA,719.7420278,651.9506112,64.29674885,476.0197312,594.578785,3
2022,7,CITIBANK,646.41242,563.669468,82.199628,348.650746,531.033929,1
2022,7,PROCREDIT,596.6753389,538.2947855,57.88013481,501.7701138,347.4957596,1
2022,7,AMAZONAS,304.3079412,277.9295612,26.33159502,173.6162494,255.4089612,0
2022,7,CODESARROLLO,237.0280358,209.2198327,26.7436546,190.5973154,177.8519115,1
2022,7,COOPNACIONAL,203.2876118,171.0049416,31.76002144,89.37761646,167.0547914,1
2022,7,D-MIRO,116.5234373,98.24758333,19.93297749,83.87917891,52.50874258,-2
2022,7,VISIONFUND,101.9434032,82.33841849,17.67812021,98.12798123,19.83969014,2
2022,7,FINCA,84.26762591,71.86964878,13.04025177,60.36060292,64.43223886,-1
2022,7,COMERCIAL DE MANABI,61.01746588,47.1330977,13.7708141,38.89905219,46.08531646,0
2022,7,CAPITAL,40.602162,34.6373732,6.89899308,23.77158396,30.70773724,-1
2022,7,LITORAL,39.75789043,28.17859984,11.35308778,31.80710315,26.76123003,0
2022,7,DELBANK,31.60923911,20.32321606,11.49249729,15.94253076,17.60132574,0
2022,8,PICHINCHA,14645.59706,13259.18076,1287.046388,9767.066535,11683.88367,99
2022,8,PACIFICO,6752.858365,5877.259392,805.2711953,4317.27948,5152.874142,70
2022,8,GUAYAQUIL,6551.741547,5919.711834,569.4557576,4609.575998,5045.033753,63
2022,8,PRODUBANCO,6496.87935,5974.391332,469.3486857,4571.875848,4955.910942,53
2022,8,BOLIVARIANO,4624.128272,4195.729784,394.8190523,2954.173169,3645.021197,34
2022,8,INTERNACIONAL,4257.153963,3815.758167,411.0306541,2945.006711,3498.919423,30
2022,8,AUSTRO,2426.65201,2194.843716,224.5090638,1515.513397,2034.844672,7
2022,8,DINERS CLUB,2362.030128,1859.38223,464.6022709,2124.774946,1156.602745,38
2022,8,GENERAL RUMI헤HUI,1079.472009,981.2060634,89.34310825,774.1371026,873.3855888,9
2022,8,MACHALA,977.9336741,902.5322631,71.67303876,604.9813276,833.7145563,4
2022,8,SOLIDARIO,853.280539,685.7389624,160.0242529,735.5846001,421.0566155,8
2022,8,LOJA,716.4774477,648.0594593,64.29532783,481.2670746,595.9857995,4
2022,8,CITIBANK,714.24402,631.964961,81.336943,345.523019,596.486486,1
2022,8,PROCREDIT,598.1519405,539.7143417,57.88013481,505.0902075,358.9258886,1
2022,8,AMAZONAS,316.0380315,289.7076284,26.27427608,182.7297505,267.3422695,0
2022,8,CODESARROLLO,235.2328085,207.318055,26.74733142,194.6738042,176.1671834,1
2022,8,COOPNACIONAL,200.8996125,168.4940253,31.74734538,86.81720556,164.5787196,1
2022,8,D-MIRO,115.6669451,98.13393719,19.93336596,84.09488896,52.11475456,-2
2022,8,VISIONFUND,104.6314069,84.69656077,17.67812021,100.7606742,20.50428014,2
2022,8,FINCA,84.3555059,72.03286928,13.04258497,61.45985109,64.6689638,-1
2022,8,COMERCIAL DE MANABI,60.64590508,46.75654259,13.7708141,39.12616541,45.71894439,0
2022,8,CAPITAL,40.16653349,34.22503652,6.89104642,23.94517815,30.5507426,-1
2022,8,LITORAL,39.43008328,27.81070214,11.35308778,32.18376876,26.41571194,0
2022,8,DELBANK,31.44611569,20.15604669,11.49454103,15.97764438,17.46228997,0
2022,9,PICHINCHA,14609.7656,13205.07295,1292.218799,9963.551601,11601.35107,112
2022,9,PACIFICO,6917.534189,6031.632646,805.8140412,4396.499399,5300.105518,80
2022,9,GUAYAQUIL,6641.080286,5998.400403,569.3095029,4671.435903,5091.3283,73
2022,9,PRODUBANCO,6494.139587,5964.776631,466.582397,4589.68226,4931.104634,63
2022,9,BOLIVARIANO,4646.48981,4214.044005,394.0118344,2996.333598,3662.867228,38
2022,9,INTERNACIONAL,4309.098293,3862.879759,410.7998332,2987.219905,3526.659142,35
2022,9,AUSTRO,2448.213901,2215.570769,223.7490386,1528.774422,2057.213305,9
2022,9,DINERS CLUB,2352.583681,1844.997878,464.5849862,2161.735418,1140.646026,43
2022,9,GENERAL RUMI헤HUI,1064.602442,965.3691787,89.36403524,788.1809339,843.5902516,10
2022,9,MACHALA,981.8805025,905.9416182,71.66531599,617.374447,834.6868774,4
2022,9,SOLIDARIO,871.3206075,702.4237425,160.0311424,751.3906466,432.1012305,9
2022,9,LOJA,714.9922863,645.7087469,64.29532205,487.6487777,589.6341503,5
2022,9,CITIBANK,688.639788,608.593885,79.34574,352.277912,577.096896,1
2022,9,PROCREDIT,625.9238705,567.480674,57.88013481,518.6359835,363.5308637,1
2022,9,AMAZONAS,316.0044093,289.7291911,26.21950951,184.3745926,265.2301106,0
2022,9,CODESARROLLO,237.0675911,208.7551819,27.12053881,198.1775896,174.2695105,1
2022,9,COOPNACIONAL,198.7632557,166.2573031,31.73373507,85.21020296,162.1925493,1
2022,9,D-MIRO,109.0859234,92.26925357,19.93164343,84.04804919,49.69320135,-3
2022,9,VISIONFUND,105.1065935,84.851236,17.67812021,103.237197,20.53269283,3
2022,9,FINCA,85.22778196,73.09435294,13.04502537,61.82206701,65.62218562,-1
2022,9,COMERCIAL DE MANABI,61.59010169,47.69316793,13.7708141,38.46473161,46.57051984,0
2022,9,CAPITAL,42.39265366,36.51222422,6.89744896,23.7203161,32.89679402,-1
2022,9,LITORAL,39.60075101,27.94245914,11.35308778,32.32664996,26.53871401,0
2022,9,DELBANK,30.44014973,19.14413107,11.49630954,16.94420966,17.05401721,0
2022,10,PICHINCHA,14790.20475,13338.67117,1325.557535,10119.26636,11680.26608,126
2022,10,PACIFICO,6930.422103,6035.735829,806.0172259,4410.67633,5273.709331,89
2022,10,GUAYAQUIL,6697.681002,6044.425159,569.0575555,4652.461561,5110.390079,84
2022,10,PRODUBANCO,6533.940094,5996.383627,468.2421547,4619.233359,4945.290699,69
2022,10,BOLIVARIANO,4660.71858,4223.2362,393.789161,2988.931894,3671.819931,44
2022,10,INTERNACIONAL,4417.552093,3965.761711,410.2447333,3049.32319,3584.451841,42
2022,10,AUSTRO,2440.279569,2207.461247,222.784515,1523.926591,2042.916479,10
2022,10,DINERS CLUB,2402.160627,1889.632772,464.4884053,2181.511351,1163.487639,48
2022,10,GENERAL RUMI헤HUI,1089.112386,988.8419425,89.36894521,805.5100939,851.8627982,11
2022,10,MACHALA,990.0379039,913.5588972,71.6510938,624.3896593,837.1274322,5
2022,10,SOLIDARIO,895.9796978,725.4202961,160.0407499,769.7963707,441.9308123,11
2022,10,LOJA,722.6094968,652.4988728,64.29507869,493.8226046,583.641173,6
2022,10,CITIBANK,673.558483,592.882115,79.608233,357.053685,559.524193,1
2022,10,PROCREDIT,630.1849743,571.5471621,57.88013481,519.6633013,357.0169611,1
2022,10,AMAZONAS,326.6987821,300.5961625,26.03694233,188.7817815,276.8072973,0
2022,10,CODESARROLLO,232.1686525,203.675943,27.11725661,196.7061272,165.9660052,1
2022,10,COOPNACIONAL,198.5848864,165.9682731,31.72021142,82.3621268,161.5132485,1
2022,10,VISIONFUND,109.0634385,88.42682063,17.69623021,106.2340227,20.56674453,3
2022,10,D-MIRO,102.1507647,84.09784644,21.93323307,83.70633815,50.77254129,-4
2022,10,FINCA,85.62671303,73.65715927,13.06212771,62.18016636,66.36965535,-1
2022,10,COMERCIAL DE MANABI,63.55143165,49.64547633,13.7708141,38.20473385,48.48942788,0
2022,10,CAPITAL,42.46325553,36.70676671,6.90829354,24.11993766,33.22535223,-1
2022,10,LITORAL,39.74244608,28.03513579,11.35308778,31.79250694,26.59738298,0
2022,10,DELBANK,30.43996691,19.12868926,11.50344185,17.73507946,17.10540939,0
2022,11,PICHINCHA,14908.58661,13438.47208,1332.705191,10320.69063,11802.73624,137
2022,11,PACIFICO,6878.360183,5972.881806,805.4764365,4425.415504,5228.204049,100
2022,11,GUAYAQUIL,6699.529448,6031.717018,572.0590669,4670.965041,5126.291664,96
2022,11,PRODUBANCO,6601.561339,6054.784114,471.3451572,4647.553846,4969.111637,75
2022,11,BOLIVARIANO,4645.025545,4201.925949,394.1311583,2968.477466,3646.357009,49
2022,11,INTERNACIONAL,4438.585123,3982.156658,410.3007736,3106.013337,3578.479437,46
2022,11,DINERS CLUB,2452.272781,1935.119883,464.3316435,2213.799221,1196.843867,53
2022,11,AUSTRO,2446.698671,2214.414607,222.2304162,1526.566495,2001.726778,10
2022,11,GENERAL RUMI헤HUI,1104.515694,1002.818118,89.3564035,816.8184727,865.2116119,12
2022,11,MACHALA,1000.118732,923.061725,71.65769167,629.895494,846.6735682,5
2022,11,SOLIDARIO,915.3424053,742.9094107,160.042912,789.73154,450.9614177,12
2022,11,LOJA,725.9974907,655.3878394,64.29791932,497.7987635,589.4009234,6
2022,11,CITIBANK,704.346992,622.393028,80.031042,363.39068,586.970863,2
2022,11,PROCREDIT,642.0380021,583.5834682,57.83559881,521.6613376,361.8476386,1
2022,11,AMAZONAS,331.4285126,305.2060816,26.15203579,185.6940247,277.2041052,0
2022,11,CODESARROLLO,231.3065177,203.0046156,27.11878967,194.2241277,164.5264669,1
2022,11,COOPNACIONAL,199.149969,166.4887018,31.70773128,85.08429538,162.1733467,1
2022,11,VISIONFUND,114.2991076,93.37847512,17.69623021,109.317874,20.56166532,3
2022,11,D-MIRO,99.74262971,82.6731907,21.9341087,82.83471901,49.65469636,-5
2022,11,FINCA,84.52479826,72.7428659,13.06648158,62.18832361,65.43973803,-1
2022,11,COMERCIAL DE MANABI,64.77550864,50.59851121,14.0362141,38.41811036,49.41760752,0
2022,11,CAPITAL,42.54557252,36.89664907,6.9127202,24.62596168,33.35532411,-1
2022,11,LITORAL,39.65440773,27.94600669,11.35308778,31.63505085,26.5178282,0
2022,11,DELBANK,31.51070937,20.19433855,11.49174079,18.53365301,17.94977284,0
2022,12,PICHINCHA,15465.47696,13987.42436,1478.052593,10468.4492,12305.96891,150
2022,12,PRODUBANCO,6994.791536,6439.950876,554.8406596,4679.346965,5339.004816,83
2022,12,PACIFICO,6990.579918,6076.342478,914.2374398,4395.620943,5349.008225,108
2022,12,GUAYAQUIL,6887.220251,6205.773239,681.4470127,4695.105832,5362.093003,110
2022,12,INTERNACIONAL,4605.376907,4143.647449,461.7294576,3164.532532,3762.501165,51
2022,12,BOLIVARIANO,4594.824332,4143.880737,450.9435956,2960.666723,3622.034897,55
2022,12,AUSTRO,2444.325401,2209.337885,234.9875159,1517.730298,1999.724104,13
2022,12,DINERS CLUB,2434.047497,1914.367439,519.6800576,2222.430587,1216.431548,53
2022,12,GENERAL RUMI헤HUI,1125.069153,1022.77946,102.2896926,819.3780077,886.1351122,13
2022,12,MACHALA,1030.095201,952.4295788,77.66562269,638.1266504,877.3111725,6
2022,12,SOLIDARIO,942.5424704,759.5033414,183.039129,802.833754,453.1063072,15
2022,12,LOJA,753.6307998,681.9772914,71.65350845,497.8503795,615.8098248,7
2022,12,CITIBANK,701.450428,617.493134,83.957294,371.818798,588.523194,4
2022,12,PROCREDIT,670.6824084,612.1148947,58.56751372,526.0828284,394.3986988,1
2022,12,AMAZONAS,325.9588145,300.8562305,25.102584,187.4743259,275.6367133,0
2022,12,CODESARROLLO,240.8407729,211.2067674,29.63400553,192.8137666,165.6737354,1
2022,12,COOPNACIONAL,203.0237106,170.5842657,32.43944493,83.70504226,166.6742428,1
2022,12,VISIONFUND,115.7158762,94.61947536,21.09640087,110.971279,21.07089183,3
2022,12,D-MIRO,94.10017885,79.39154184,14.70863701,81.15431275,50.26189442,-7
2022,12,FINCA,85.56189846,75.44289002,10.11900844,62.43206068,65.76163398,-3
2022,12,COMERCIAL DE MANABI,66.31726573,52.13257682,14.18468891,34.84574064,48.32046722,0
2022,12,CAPITAL,41.87199472,36.0593734,5.81262132,25.38775352,33.47462753,-1
2022,12,LITORAL,40.64178704,29.12688941,11.51489763,31.95322068,27.48303443,0
2022,12,DELBANK,31.40237312,20.11721733,11.28515579,18.76521091,16.71550899,0
2021,1,PICHINCHA,12353,11091,1255,7176,9926,7
2021,1,PACIFICO,6862,6067,794,4290.7,5087,1
2021,1,GUAYAQUIL,5692,5151,535,3466.7,4344,5
2021,1,PRODUBANCO,5412,4971,440,3423.8,4357,1
2021,1,INTERNACIONAL,3978,3589,386,2407.1,3326,3
2021,1,BOLIVARIANO,3945,3584,358,2334.8,3203,3
2021,1,DINERS CLUB,2229,1781,446,1978,1205,2
2021,1,AUSTRO,2080,1880,199,1124.5,1794,1
2021,1,GENERAL RUMI헤HUI,962,879,83,629.3,782,1
2021,1,MACHALA,867,803,64,528.1,767,0
2021,1,SOLIDARIO,767,616,151,598,393,0
2021,1,CITIBANK,602,519,79,209.8,463,4
2021,1,LOJA,551,490,60,335.6,467,0
2021,1,PROCREDIT,501,443,58,390.4,240,0
2021,1,AMAZONAS,240,215,24,101.6,200,0
2021,1,CODESARROLLO,201,178,23,152,144,0
2021,1,COOPNACIONAL,188,157,30,101.7,154,0
2021,1,D-MIRO,113,93,20,81.7,38,0
2021,1,FINCA,92,77,15,62.5,61,0
2021,1,VISIONFUND,88,70,18,80.7,12,0
2021,1,COMERCIAL DE MANABI,53,40,13,31.2,39,0
2021,1,LITORAL,39,28,11,28.3,27,0
2021,1,DELBANK,32,21,11,18.9,18,0
2021,1,CAPITAL,25,19,7,13.1,16,0
2021,2,PICHINCHA,12250,10982,1255,7208.9,9806,13
2021,2,PACIFICO,6897,6100,794,4265.7,5061,3
2021,2,GUAYAQUIL,5691,5154,528,3495.1,4368,9
2021,2,PRODUBANCO,5401,4958,440,3485.3,4328,3
2021,2,INTERNACIONAL,3976,3585,386,2433.2,3327,5
2021,2,BOLIVARIANO,3942,3586,351,2309,3211,5
2021,2,DINERS CLUB,2239,1788,446,1959.5,1216,4
2021,2,AUSTRO,2098,1898,199,1138,1818,1
2021,2,GENERAL RUMI헤HUI,972,888,83,632.5,791,2
2021,2,MACHALA,873,809,64,526.9,771,1
2021,2,SOLIDARIO,764,613,151,592.8,381,0
2021,2,CITIBANK,623,540,80,217.8,474,4
2021,2,LOJA,554,493,60,341.2,469,1
2021,2,PROCREDIT,504,447,58,393.9,240,0
2021,2,AMAZONAS,241,217,24,102.4,201,0
2021,2,CODESARROLLO,202,179,23,153.2,145,0
2021,2,COOPNACIONAL,187,157,30,100.5,153,0
2021,2,D-MIRO,114,94,20,79.5,39,0
2021,2,FINCA,92,79,15,63,62,-1
2021,2,VISIONFUND,88,70,18,81.2,12,0
2021,2,COMERCIAL DE MANABI,52,40,13,31.5,38,0
2021,2,LITORAL,39,27,11,28.5,26,0
2021,2,DELBANK,32,21,11,18.8,18,0
2021,2,CAPITAL,27,20,7,13.5,18,0
2021,3,PICHINCHA,12436,11173,1243,7325.6,10012,20
2021,3,PACIFICO,6943,6140,794,4243.3,5154,9
2021,3,GUAYAQUIL,5801,5259,528,3562.2,4468,14
2021,3,PRODUBANCO,5519,5076,436,3545.7,4450,7
2021,3,INTERNACIONAL,4090,3702,380,2449.9,3437,8
2021,3,BOLIVARIANO,3956,3597,351,2312.1,3198,8
2021,3,DINERS CLUB,2245,1791,446,1936.8,1223,7
2021,3,AUSTRO,2123,1922,199,1154.9,1844,2
2021,3,GENERAL RUMI헤HUI,947,862,83,624.2,773,3
2021,3,MACHALA,880,815,64,525.7,776,1
2021,3,SOLIDARIO,765,613,151,588.8,381,1
2021,3,CITIBANK,657,574,79,213.8,534,4
2021,3,LOJA,562,502,60,350.7,480,1
2021,3,PROCREDIT,505,448,58,404.7,253,0
2021,3,AMAZONAS,237,213,24,107.6,198,0
2021,3,CODESARROLLO,204,181,23,152.3,147,0
2021,3,COOPNACIONAL,192,161,30,99.7,157,0
2021,3,D-MIRO,115,95,20,80.1,40,0
2021,3,VISIONFUND,89,71,18,81.5,13,0
2021,3,FINCA,88,77,15,63.8,62,-3
2021,3,COMERCIAL DE MANABI,53,41,13,31.2,40,0
2021,3,LITORAL,39,27,11,28.4,26,0
2021,3,DELBANK,32,21,11,18.5,18,0
2021,3,CAPITAL,28,21,7,14,19,-1
2021,4,PICHINCHA,12517,11240,1250,7189.5,10069,27
2021,4,PACIFICO,6903,6103,790,4246.9,5160,10
2021,4,GUAYAQUIL,5728,5181,527,3604.1,4378,19
2021,4,PRODUBANCO,5446,4989,446,3595.2,4372,11
2021,4,BOLIVARIANO,3973,3612,350,2329.9,3192,11
2021,4,INTERNACIONAL,3935,3545,380,2487.7,3288,11
2021,4,DINERS CLUB,2204,1753,441,1926.9,1196,10
2021,4,AUSTRO,2126,1925,199,1168.4,1878,2
2021,4,GENERAL RUMI헤HUI,978,892,83,630.8,807,3
2021,4,MACHALA,896,831,64,528.9,780,1
2021,4,SOLIDARIO,760,609,151,583.9,376,1
2021,4,CITIBANK,625,542,79,215.6,485,4
2021,4,LOJA,574,513,60,355.9,488,1
2021,4,PROCREDIT,506,448,58,408.3,253,0
2021,4,AMAZONAS,246,222,24,114.9,206,0
2021,4,CODESARROLLO,203,179,23,154.6,146,0
2021,4,COOPNACIONAL,192,161,30,99.9,158,0
2021,4,D-MIRO,116,96,20,79.8,41,0
2021,4,FINCA,88,77,15,64.6,63,-3
2021,4,VISIONFUND,86,68,18,81,12,0
2021,4,COMERCIAL DE MANABI,54,41,13,31.3,40,0
2021,4,LITORAL,38,27,11,28.5,26,0
2021,4,DELBANK,32,21,11,18.4,19,0
2021,4,CAPITAL,28,21,7,14.5,19,-1
2021,5,PICHINCHA,12489,11203,1251,7230.3,10030,35
2021,5,PACIFICO,6911,6106,790,4228.4,5260,15
2021,5,GUAYAQUIL,5843,5291,527,3655.8,4496,25
2021,5,PRODUBANCO,5514,5051,448,3568.7,4437,15
2021,5,INTERNACIONAL,3996,3602,380,2479.4,3337,14
2021,5,BOLIVARIANO,3955,3591,351,2375,3190,14
2021,5,AUSTRO,2181,1979,199,1198.8,1926,3
2021,5,DINERS CLUB,2157,1702,441,1914.2,1140,13
2021,5,GENERAL RUMI헤HUI,937,852,81,639.8,769,4
2021,5,MACHALA,907,841,64,532.9,789,1
2021,5,SOLIDARIO,757,605,151,581.8,377,1
2021,5,CITIBANK,628,545,80,216.5,476,3
2021,5,LOJA,586,525,59,361,504,2
2021,5,PROCREDIT,501,444,58,413,248,0
2021,5,AMAZONAS,250,226,24,114.6,206,0
2021,5,CODESARROLLO,207,183,23,157.5,151,0
2021,5,COOPNACIONAL,192,161,30,101.9,157,0
2021,5,D-MIRO,116,96,20,79.8,42,0
2021,5,FINCA,88,77,15,68.2,63,-3
2021,5,VISIONFUND,84,66,18,81.4,13,0
2021,5,COMERCIAL DE MANABI,55,43,13,31.3,42,0
2021,5,LITORAL,40,28,11,28.6,27,0
2021,5,DELBANK,32,20,11,18.1,18,0
2021,5,CAPITAL,30,23,7,14.9,21,-1
2021,6,PICHINCHA,12432,11139,1250,7396.9,10018,43
2021,6,PACIFICO,6943,6136,790,4316.6,5322,17
2021,6,GUAYAQUIL,5886,5330,527,3713.8,4567,30
2021,6,PRODUBANCO,5467,5003,446,3576.4,4415,18
2021,6,INTERNACIONAL,4073,3676,380,2494.6,3432,18
2021,6,BOLIVARIANO,3992,3624,351,2407.9,3233,17
2021,6,AUSTRO,2200,1997,199,1220.1,1941,4
2021,6,DINERS CLUB,2164,1707,441,1955.9,1141,16
2021,6,GENERAL RUMI헤HUI,932,846,81,649.4,774,5
2021,6,MACHALA,905,839,64,537.4,784,2
2021,6,SOLIDARIO,761,609,151,587.6,374,1
2021,6,LOJA,592,530,59,369.3,510,2
2021,6,CITIBANK,581,498,80,218.7,460,3
2021,6,PROCREDIT,519,461,58,429,270,0
2021,6,AMAZONAS,254,230,24,122.7,209,0
2021,6,CODESARROLLO,211,186,24,159.7,153,1
2021,6,COOPNACIONAL,191,160,30,99.8,157,1
2021,6,D-MIRO,117,97,20,80.2,42,0
2021,6,FINCA,88,77,15,69.2,64,-4
2021,6,VISIONFUND,86,68,18,82.6,13,0
2021,6,COMERCIAL DE MANABI,57,44,13,31.4,43,0
2021,6,LITORAL,38,27,11,28.7,26,0
2021,6,DELBANK,32,21,11,16.3,18,0
2021,6,CAPITAL,29,23,7,15.2,21,-1
2021,7,PICHINCHA,12626,11323,1250,7565.4,10151,53
2021,7,PACIFICO,6856,6048,790,4336,5286,18
2021,7,GUAYAQUIL,5961,5398,527,3799.8,4621,36
2021,7,PRODUBANCO,5428,4960,447,3616.3,4378,21
2021,7,INTERNACIONAL,4057,3655,380,2513.1,3401,22
2021,7,BOLIVARIANO,4051,3679,351,2402.8,3278,20
2021,7,AUSTRO,2209,2004,199,1232.3,1949,5
2021,7,DINERS CLUB,2187,1727,441,1971.3,1148,20
2021,7,GENERAL RUMI헤HUI,969,882,81,656.1,807,6
2021,7,MACHALA,924,858,64,541.7,796,2
2021,7,SOLIDARIO,770,617,151,596.8,376,2
2021,7,CITIBANK,620,536,80,195.5,493,3
2021,7,LOJA,598,536,59,379.9,516,2
2021,7,PROCREDIT,542,485,58,437.8,282,-1
2021,7,AMAZONAS,254,230,24,128.6,207,0
2021,7,CODESARROLLO,211,186,24,163.4,156,1
2021,7,COOPNACIONAL,192,161,30,99.2,157,1
2021,7,D-MIRO,118,98,20,80.7,43,0
2021,7,FINCA,92,82,15,71.1,67,-5
2021,7,VISIONFUND,86,68,18,83.4,14,1
2021,7,COMERCIAL DE MANABI,59,46,13,32.2,45,0
2021,7,LITORAL,38,27,11,28.7,26,0
2021,7,DELBANK,33,21,11,16.4,19,0
2021,7,CAPITAL,30,24,7,15.8,22,-1
2021,8,PICHINCHA,12646,11332,1251,7782.6,10170,63
2021,8,PACIFICO,6822,6019,790,4341.6,5301,12
2021,8,GUAYAQUIL,6027,5459,527,3848.4,4721,41
2021,8,PRODUBANCO,5536,5064,448,3677.8,4471,24
2021,8,INTERNACIONAL,4097,3691,380,2551.2,3444,26
2021,8,BOLIVARIANO,4052,3677,351,2466.1,3286,24
2021,8,AUSTRO,2230,2024,199,1252.4,1972,7
2021,8,DINERS CLUB,2221,1757,441,2012.3,1131,24
2021,8,GENERAL RUMI헤HUI,956,868,81,668.5,794,7
2021,8,MACHALA,911,845,64,544.7,785,2
2021,8,SOLIDARIO,772,619,151,607.8,378,2
2021,8,CITIBANK,632,548,81,204.2,503,3
2021,8,LOJA,606,543,59,391.9,521,3
2021,8,PROCREDIT,551,494,58,443.6,295,-1
2021,8,AMAZONAS,256,232,24,129.1,209,0
2021,8,CODESARROLLO,214,189,24,166.6,156,1
2021,8,COOPNACIONAL,193,161,31,89.4,157,1
2021,8,D-MIRO,115,94,20,81.3,39,0
2021,8,FINCA,91,83,15,72.3,68,-6
2021,8,VISIONFUND,87,69,18,83.8,14,1
2021,8,COMERCIAL DE MANABI,60,47,13,32.5,46,0
2021,8,LITORAL,37,26,11,29,25,0
2021,8,DELBANK,32,21,11,16.4,18,0
2021,8,CAPITAL,32,26,7,16.2,24,-1
2021,9,PICHINCHA,12881,11559,1248,8069.7,10491,73
2021,9,PACIFICO,6889,6094,790,4336.8,5286,5
2021,9,GUAYAQUIL,6062,5487,528,3925.3,4745,47
2021,9,PRODUBANCO,5692,5217,445,3743.8,4471,29
2021,9,INTERNACIONAL,4208,3797,380,2600.8,3539,30
2021,9,BOLIVARIANO,4099,3720,352,2486.8,3297,28
2021,9,AUSTRO,2240,2033,199,1280.3,1983,8
2021,9,DINERS CLUB,2239,1770,441,2033.3,1132,28
2021,9,GENERAL RUMI헤HUI,949,861,81,671.7,790,8
2021,9,MACHALA,928,862,64,552.2,801,3
2021,9,SOLIDARIO,778,624,151,619.6,383,3
2021,9,CITIBANK,697,613,81,196.4,571,3
2021,9,LOJA,613,551,59,397.6,526,3
2021,9,PROCREDIT,552,494,58,453.4,298,0
2021,9,AMAZONAS,252,228,24,131,207,0
2021,9,CODESARROLLO,218,191,25,168.6,159,2
2021,9,COOPNACIONAL,193,162,31,90.4,158,1
2021,9,D-MIRO,114,94,20,81.8,41,1
2021,9,FINCA,92,82,16,74.2,68,-6
2021,9,VISIONFUND,86,68,18,84.5,15,1
2021,9,COMERCIAL DE MANABI,61,48,13,33.9,47,0
2021,9,LITORAL,39,27,11,29,26,0
2021,9,DELBANK,32,21,11,15.9,18,0
2021,9,CAPITAL,32,26,7,16.5,24,-2
2021,10,PICHINCHA,12556,11227,1246,8194.4,10096,84
2021,10,PACIFICO,7030,6235,791,4280.1,5425,5
2021,10,GUAYAQUIL,6221,5640,528,4011,4870,53
2021,10,PRODUBANCO,5846,5369,445,3796.7,4596,33
2021,10,BOLIVARIANO,4319,3935,352,2558.8,3480,32
2021,10,INTERNACIONAL,4188,3774,380,2609.7,3500,34
2021,10,AUSTRO,2307,2098,199,1303,2045,9
2021,10,DINERS CLUB,2266,1794,440,2063.7,1140,32
2021,10,GENERAL RUMI헤HUI,1018,928,81,680.7,846,8
2021,10,MACHALA,947,880,64,559.2,817,3
2021,10,SOLIDARIO,792,636,151,632.5,384,5
2021,10,CITIBANK,680,596,81,215.9,565,3
2021,10,LOJA,630,567,59,407,538,4
2021,10,PROCREDIT,561,504,58,462.5,302,0
2021,10,AMAZONAS,251,227,24,131.6,205,0
2021,10,CODESARROLLO,224,197,25,171.2,162,2
2021,10,COOPNACIONAL,193,162,31,91.4,158,1
2021,10,D-MIRO,114,94,20,80.8,42,1
2021,10,FINCA,92,82,16,73.7,68,-6
2021,10,VISIONFUND,88,70,18,85.2,15,1
2021,10,COMERCIAL DE MANABI,62,49,13,34.9,48,0
2021,10,LITORAL,38,26,11,29.2,25,0
2021,10,DELBANK,33,21,11,16,18,0
2021,10,CAPITAL,32,27,7,17.1,25,-2
2021,11,PICHINCHA,12863,11526,1244,8449.5,10386,94
2021,11,PACIFICO,6970,6175,791,4299,5398,5
2021,11,GUAYAQUIL,6236,5650,528,4080.1,4895,59
2021,11,PRODUBANCO,5807,5324,444,3891.5,4572,38
2021,11,BOLIVARIANO,4357,3970,351,2608.7,3535,36
2021,11,INTERNACIONAL,4231,3813,380,2618.5,3538,38
2021,11,AUSTRO,2318,2108,199,1317.2,2050,10
2021,11,DINERS CLUB,2307,1832,440,2078.8,1150,36
2021,11,GENERAL RUMI헤HUI,960,870,81,688.1,801,9
2021,11,MACHALA,945,877,64,564.4,815,3
2021,11,SOLIDARIO,799,640,151,647.4,387,8
2021,11,CITIBANK,652,568,81,220.3,522,3
2021,11,LOJA,624,560,59,413.7,533,4
2021,11,PROCREDIT,564,507,58,467.7,305,0
2021,11,AMAZONAS,256,232,24,132.7,210,0
2021,11,CODESARROLLO,223,196,25,173.7,162,2
2021,11,COOPNACIONAL,193,162,31,92.7,158,1
2021,11,D-MIRO,113,93,20,81.3,43,1
2021,11,FINCA,90,80,16,72.8,66,-6
2021,11,VISIONFUND,88,70,18,86.7,15,1
2021,11,COMERCIAL DE MANABI,61,48,13,35.6,47,0
2021,11,LITORAL,37,26,11,28.7,25,0
2021,11,CAPITAL,34,28,7,18.2,26,-2
2021,11,DELBANK,32,20,11,16.1,18,0
2021,12,PICHINCHA,13400,12056,1344,8709.4,11060,102
2021,12,PACIFICO,7050,6231,819,4292.9,5472,6
2021,12,GUAYAQUIL,6365,5762,602,4175.2,5011,74
2021,12,PRODUBANCO,6152,5656,496,3960.1,4850,46
2021,12,BOLIVARIANO,4460,4053,407,2689,3601,41
2021,12,INTERNACIONAL,4451,4025,426,2668.4,3770,42
2021,12,AUSTRO,2441,2217,224,1336.8,2053,13
2021,12,DINERS CLUB,2272,1796,476,2066.9,1146,36
2021,12,GENERAL RUMI헤HUI,1011,919,92,681.5,844,10
2021,12,MACHALA,967,895,72,571.2,827,3
2021,12,SOLIDARIO,812,652,160,654,391,11
2021,12,LOJA,659,593,67,417.1,562,5
2021,12,CITIBANK,630,547,83,218.5,510,2
2021,12,PROCREDIT,568,510,58,474.3,313,0
2021,12,AMAZONAS,271,244,26,136.1,222,0
2021,12,CODESARROLLO,232,205,27,175.5,168,2
2021,12,COOPNACIONAL,203,171,32,92.5,168,1
2021,12,D-MIRO,113,93,20,81.4,43,0
2021,12,VISIONFUND,90,71,19,88.3,16,1
2021,12,FINCA,85,76,10,70.5,64,-6
2021,12,COMERCIAL DE MANABI,60,46,14,36.8,45,0
2021,12,LITORAL,38,27,11,28.9,25,0
2021,12,CAPITAL,37,30,7,18.5,28,-2
2021,12,DELBANK,32,20,11,16.4,18,0
